PatientID,StudyInstanceUID
416153,2.16.124.113611.1.118.1.1.4676243
416153,2.16.124.113611.1.118.1.1.4921148